Analysis Mode,Analysis No.,Patient Name,Patient ID,Sex,Date of Birth,Age(PET Scanned),Tracer Name,Reference Region,PET:Study Date,MR:Study Date,CT:Study Date,Analysis Date,Total Cerebral Cortex SUVR,Left Cerebral Cortex SUVR,Right Cerebral Cortex SUVR,Total Frontal Cortex SUVR,Left Frontal Cortex SUVR,Right Frontal Cortex SUVR,Total Caudal Middle Frontal SUVR,Left Caudal Middle Frontal SUVR,Right Caudal Middle Frontal SUVR,Total Lateral Orbitofrontal SUVR,Left Lateral Orbitofrontal SUVR,Right Lateral Orbitofrontal SUVR,Total Medial Orbitofrontal SUVR,Left Medial Orbitofrontal SUVR,Right Medial Orbitofrontal SUVR,Total Pars Opercularis SUVR,Left Pars Opercularis SUVR,Right Pars Opercularis SUVR,Total Pars Orbitalis SUVR,Left Pars Orbitalis SUVR,Right Pars Orbitalis SUVR,Total Pars Triangularis SUVR,Left Pars Triangularis SUVR,Right Pars Triangularis SUVR,Total Rostral Middle Frontal SUVR,Left Rostral Middle Frontal SUVR,Right Rostral Middle Frontal SUVR,Total Superior Frontal SUVR,Left Superior Frontal SUVR,Right Superior Frontal SUVR,Total Frontal Pole SUVR,Left Frontal Pole SUVR,Right Frontal Pole SUVR,Total Precentral SUVR,Left Precentral SUVR,Right Precentral SUVR,Total Paracentral SUVR,Left Paracentral SUVR,Right Paracentral SUVR,Total Parietal Cortex SUVR,Left Parietal Cortex SUVR,Right Parietal Cortex SUVR,Total Inferior Parietal SUVR,Left Inferior Parietal SUVR,Right Inferior Parietal SUVR,Total Precuneus SUVR,Left Precuneus SUVR,Right Precuneus SUVR,Total Superior Parietal SUVR,Left Superior Parietal SUVR,Right Superior Parietal SUVR,Total Supramarginal SUVR,Left Supramarginal SUVR,Right Supramarginal SUVR,Total Postcentral SUVR,Left Postcentral SUVR,Right Postcentral SUVR,Total Temporal Cortex SUVR,Left Temporal Cortex SUVR,Right Temporal Cortex SUVR,Total Middle Temporal SUVR,Left Middle Temporal SUVR,Right Middle Temporal SUVR,Total Superior Temporal SUVR,Left Superior Temporal SUVR,Right Superior Temporal SUVR,Total Posterior Transverse Temporal SUVR,Left Posterior Transverse Temporal SUVR,Right Posterior Transverse Temporal SUVR,Total Entorhinal SUVR,Left Entorhinal SUVR,Right Entorhinal SUVR,Total Fusiform SUVR,Left Fusiform SUVR,Right Fusiform SUVR,Total Inferior Temporal SUVR,Left Inferior Temporal SUVR,Right Inferior Temporal SUVR,Total Parahippocampal SUVR,Left Parahippocampal SUVR,Right Parahippocampal SUVR,Total Temporal Pole SUVR,Left Temporal Pole SUVR,Right Temporal Pole SUVR,Total Transverse Temporal SUVR,Left Transverse Temporal SUVR,Right Transverse Temporal SUVR,Total Occipital Cortex SUVR,Left Occipital Cortex SUVR,Right Occipital Cortex SUVR,Total Cuneus SUVR,Left Cuneus SUVR,Right Cuneus SUVR,Total Lateral Occipital SUVR,Left Lateral Occipital SUVR,Right Lateral Occipital SUVR,Total Lingual SUVR,Left Lingual SUVR,Right Lingual SUVR,Total Pericalcarine SUVR,Left Pericalcarine SUVR,Right Pericalcarine SUVR,Total Cingulate Cortex SUVR,Left Cingulate Cortex SUVR,Right Cingulate Cortex SUVR,Total Caudal Anterior Cingulate SUVR,Left Caudal Anterior Cingulate SUVR,Right Caudal Anterior Cingulate SUVR,Total Isthmus of Cingulate SUVR,Left Isthmus of Cingulate SUVR,Right Isthmus of Cingulate SUVR,Total Posterior Cingulate SUVR,Left Posterior Cingulate SUVR,Right Posterior Cingulate SUVR,Total Rostral Anterior Cingulate SUVR,Left Rostral Anterior Cingulate SUVR,Right Rostral Anterior Cingulate SUVR,Total Subcortical Regions SUVR,Left Subcortical Regions SUVR,Right Subcortical Regions SUVR,Total Caudate SUVR,Left Caudate SUVR,Right Caudate SUVR,Total Putamen SUVR,Left Putamen SUVR,Right Putamen SUVR,Total Thalamus SUVR,Left Thalamus SUVR,Right Thalamus SUVR,Total Pallidum SUVR,Left Pallidum SUVR,Right Pallidum SUVR,Total Hippocampus SUVR,Left Hippocampus SUVR,Right Hippocampus SUVR,Total Amygdala SUVR,Left Amygdala SUVR,Right Amygdala SUVR,Total Accumbens SUVR,Left Accumbens SUVR,Right Accumbens SUVR,Total Cerebellum SUVR,Left Cerebellum SUVR,Right Cerebellum SUVR,Total Cerebellum White Matter SUVR,Left Cerebellum White Matter SUVR,Right Cerebellum White Matter SUVR,Total Cerebellum Grey Matter SUVR,Left Cerebellum Grey Matter SUVR,Right Cerebellum Grey Matter SUVR,Total Brainstem SUVR,Total Pons SUVR,Total Insula Cortex SUVR,Left Insula Cortex SUVR,Right Insula Cortex SUVR,Total Ventral Diencephalon SUVR,Left Ventral Diencephalon SUVR,Right Ventral Diencephalon SUVR,Total Corpus Callosum SUVR
Research,45,sub_0834,sub_0834,Female,19591112,59,F-18 flutemetamol,Pons,20190212," -"," -",20250710,0.4607760636133611,0.46589911143439916,0.45557305683428645,0.4399363878748276,0.436803805888192,0.44306624800727357,0.43900955688611365,0.4421422922522073,0.43589930526666654,0.4216662403338477,0.4293164580457726,0.41394459552780655,0.38510573143176846,0.37573142002831555,0.3954326287515076,0.4978863798594685,0.47401391779765145,0.5300074568613441,0.42417527862805166,0.4352165848970294,0.4141550335971142,0.5437035466667546,0.5302483733462363,0.5539014154590282,0.44492722520067046,0.4388545691298914,0.4507494757028722,0.39630583261967545,0.3927390057503769,0.3999117590842149,0.29931721858911897,0.24386196145351272,0.3387897378603147,0.44799010425602676,0.45013825384200384,0.44577350327132553,0.581232506042683,0.5942053542048924,0.5693344588881131,0.49998639985785437,0.5021258575559958,0.497837031363679,0.5506260463464511,0.5503195677937225,0.5508880629213982,0.535335932629241,0.5496112331737222,0.5222489708707464,0.4588399092970317,0.4677721479979906,0.4501626692539305,0.5016893186579132,0.49646012837012055,0.5083483816921128,0.4433766499699675,0.4454249871144058,0.44107482413993004,0.4024612187507196,0.4277085719837943,0.3761009779564602,0.40661648734365374,0.4543621285976361,0.3609366776396386,0.3867950404315676,0.41167340072312447,0.360661350033556,0.5990383562112721,0.5981617152795191,0.599979403415562,0.22473260629781666,0.24817806536543952,0.20048621539869116,0.44205939413618894,0.4637847600716171,0.4217898038951109,0.43021410181068104,0.45946611588002023,0.39697004817423187,0.36817798292881,0.38814258883331765,0.34240971251717794,0.1613076345060482,0.16914287446391196,0.15168969775043198,0.344300306666469,0.29915638968063063,0.4022390236536413,0.5528384606645002,0.5584144410251701,0.5472548104546406,0.5154478809408876,0.5078804351426125,0.5226227225472937,0.5776870039733161,0.5813885171645832,0.5737755287611219,0.5165349766762579,0.5215557424220707,0.5115656766385456,0.558604024414408,0.5988161772011769,0.5280190905268655,0.46640539598696995,0.46702069611978975,0.46571277204066747,0.43305637236136346,0.4392611111835652,0.4274555298749103,0.5352865304676975,0.524890173388178,0.5486002326460615,0.4868714352919569,0.4808907261192186,0.4937166698467308,0.3858508270424664,0.3985941286384925,0.3713247837723848,0.5112019731416548,0.5408971260329355,0.4813336893654542,0.23768113642149027,0.24081317388173662,0.2349091032670194,0.7073260603774629,0.734359691397799,0.6771011721197657,0.6044085875447582,0.6420578396019416,0.5665543021203471,0.9676956736995199,1.019520829951033,0.9120111973016176,0.28497185246438245,0.30058907248496836,0.2686401191095214,0.32792715957786744,0.31209656265296243,0.3430881844273988,0.35812771406932403,0.39314311588365214,0.3339087278144138,0.5208660580364831,0.5193134931835323,0.5224045164694222,0.981623461686418,0.9868405217567834,0.9766444759065877,0.44731026267239543,0.44630549296200867,0.44831189305451974,0.948492708975831,1.0,0.4606041691832125,0.4872775970373431,0.4307383916363742,0.7570328748769883,0.7421616116638808,0.773281539235423,0.6089569132189215
Research,44,sub_0823,sub_0823,Male,19290130,90,F-18 flutemetamol,Pons,20190219," -"," -",20250710,0.43694668137564735,0.43438742236220984,0.43954588451828464,0.38755785929878145,0.3808010844280878,0.3943087633076533,0.41672288527006257,0.4541323432899945,0.379581916183288,0.4410742488198807,0.44349112910893385,0.43863480306375546,0.40786303844326033,0.38244001882037276,0.4358694595982658,0.4194613894821427,0.38203007225738006,0.46982629192684355,0.3764382411798972,0.403279699739779,0.35207898646802965,0.4912304739959771,0.47204910463849836,0.5057683088721294,0.3764510939045522,0.36769487794440653,0.3848462478828352,0.3347611449418246,0.3220885303663744,0.3475726768571682,0.25178317112821835,0.2541720758627603,0.25008277168834797,0.37828632350128394,0.37669852571166906,0.3799247169199461,0.4581305258130719,0.4428600441692361,0.47213584742013587,0.4438804672737347,0.4432737993118878,0.4444899455563631,0.5006917076556879,0.503985410482133,0.4978758344867644,0.43642991307405465,0.46218946528293586,0.41281469925609426,0.41930812320148364,0.4124977902714552,0.4259240339026777,0.44506654546280977,0.4455651319907284,0.44443162515303186,0.40203143899845784,0.3840026241161347,0.42229138101717,0.48098053523108725,0.47396324031987536,0.48830714811902964,0.48516270312690163,0.48428371077526794,0.4860036637318776,0.4344748703803401,0.40578162033057535,0.46461594497390024,0.6743504444397627,0.6778529691963694,0.6705905913336908,0.42702405938646487,0.3877873821457322,0.4676011200111978,0.5278079875634883,0.5524772968683893,0.504791722031899,0.5050565713983866,0.5000707270523254,0.5107228368552045,0.44187254606893417,0.4384946269514867,0.4462324184181977,0.3642649460929707,0.34221989857807394,0.3913257475378624,0.2853001455566685,0.28458147018719104,0.2862225096672279,0.5028024627653539,0.5094194727717767,0.4961763509569967,0.4888369579544098,0.48566241153711026,0.4918468067625109,0.5189198995849755,0.5215696959858767,0.5161197980038333,0.4586172356779015,0.479846684901583,0.4376054003984262,0.5658071912873626,0.5679487654719975,0.5641783328375389,0.45374981779314316,0.4675703765908781,0.43819245080424923,0.3615309510361367,0.37494759656479126,0.3494201240608434,0.5826205816754387,0.5926563224960538,0.5697686890939365,0.41390039305762183,0.43080643399741564,0.39455054468963774,0.45241581631194383,0.4503391656475526,0.4547829828723897,0.5561465466913427,0.5565403970994852,0.5557504000273116,0.27883442456187985,0.260563265092407,0.2950054507589994,0.6901555037683061,0.6903505115402613,0.6899374757826354,0.609857945572529,0.6039737499416107,0.6157741858358825,0.8326856854639407,0.8430750641106596,0.8215226296839555,0.47179405963334564,0.47215441136871983,0.4714172212172681,0.5114803586560173,0.5050201544758371,0.5176673215717791,0.5571225721306765,0.559803397109661,0.5552683348535457,0.4612450186188292,0.4694982509322666,0.4530667741947847,0.9193591144776176,0.943736228103452,0.8960944212482298,0.3881112036839863,0.395442283626958,0.38080302915528236,0.9359216590213159,1.0,0.4422435178391006,0.4557149959008959,0.4271597359862037,0.6961840233126638,0.6978317940459476,0.69438363331209,0.5788115932036032
Research,43,sub_0752,sub_0752,Female,19480407,70,F-18 flutemetamol,Pons,20181206," -"," -",20250710,0.7905471494143861,0.7904555236597667,0.790640205235662,0.6848319841726396,0.6775403237410681,0.692117308988231,0.7308022158434395,0.7173453156746793,0.7441625353889788,0.6542088178193551,0.6803671727446758,0.6278062325532082,0.7193008970327611,0.666189373820658,0.777809434150944,0.8935141904214262,0.8548068916719375,0.9455959623160636,0.5429051026666029,0.5575614121599585,0.5296041572173037,0.8170142068489438,0.8714513827925024,0.7757554906310138,0.5526044700958792,0.5491227068995737,0.5559426630187062,0.66600550950122,0.6576085479078623,0.6744945186796116,0.3153447073179105,0.23179620587382135,0.3748137279964543,0.7136245118870477,0.696501427588072,0.7312932281468456,0.9716202298947728,0.9551180879243774,0.9867551687193192,0.8426101057615705,0.8523982523349911,0.8327766167051813,0.8924874188749459,0.8767930755129041,0.9059049257678626,0.9881058099534545,1.0139397325063413,0.9644224167059308,0.7690187162412211,0.8146510540427847,0.7246890960767333,0.8300201648596673,0.828409678629913,0.8320710233538935,0.7283879183102302,0.7377536254358329,0.7178631730861282,0.826611827654297,0.8267677005982487,0.8264490839283329,0.7209358708731438,0.7194277381865699,0.7223787505229244,0.780039500853134,0.7888085053865356,0.7708280236139186,1.2162637478410472,1.2658630209972965,1.16302044645291,0.6069619528824263,0.5942069628045796,0.6201526724349821,0.955931824630518,0.9680167901165799,0.944656649832169,0.8768711076746116,0.8692431359651412,0.8855400731703158,0.7389592155225969,0.7274571808318396,0.7538048649490395,0.5794341993432626,0.5215878199707286,0.6504419567748687,1.02013232567472,1.0401218856915349,0.9944772753857591,0.8847495110309673,0.8866011724834852,0.8828953025888312,0.985293868509346,0.9794004029921336,0.9908815770606847,0.7888557716656225,0.7994467188052817,0.777664071117811,0.9536740092488013,0.9479556422337135,0.9593337597455114,1.1913699697977267,1.238626690815903,1.1554270125592243,0.9967409359093082,0.9805977649500321,1.0149127941281724,0.9441793811206283,0.9065446780540509,0.9781511646139317,1.110897398910523,1.066490548419439,1.1677653554067584,0.9104276510759608,0.9166218130182681,0.9033381086587138,1.0539732712510184,1.0385194757817553,1.0715889966563963,0.8266464783838551,0.8347092011139314,0.8185367477691508,0.7346429410294819,0.7098807180277672,0.756558931502264,1.0325690841985957,1.0346842517869679,1.030204225998202,0.8161947889153655,0.8352223948462809,0.7970635608963307,1.1644330162545287,1.1647860236433116,1.164053721081475,0.5985397350401204,0.6234937473840632,0.5724440358569123,0.6644064439896639,0.6444915181068085,0.6834790467233954,1.0574336056003848,1.0519479721240643,1.0612278354215061,0.5528021775202625,0.5529616041852403,0.5526441993870438,0.9578492950954087,0.9511508419429815,0.9642420723574999,0.4881400306786527,0.4907812420206372,0.4855070716051507,0.9418467538180609,1.0,0.8400488915264884,0.858708316420342,0.819156255001503,0.7330406068953422,0.7427794956113645,0.722399686100442,0.906643284281983
Research,42,sub_0749,sub_0749,Male,19370316,81,F-18 flutemetamol,Pons,20181206," -"," -",20250710,0.4538459431112645,0.4553335469946977,0.4523351211629908,0.4193755659437428,0.4162437859856168,0.42250462474455003,0.406076063026409,0.42162900857782776,0.39063474148612465,0.4322302842099019,0.4456382678145645,0.4186971155003309,0.40828888081813886,0.3862614475027545,0.43255466763439365,0.43953122658166327,0.44649380227847885,0.4301628828595252,0.4029039795362565,0.4140037199470034,0.39283070414782006,0.47841348670512457,0.4931273476177758,0.4672616405385528,0.40457868948414255,0.3976293798922831,0.41124144475787705,0.3714319414700205,0.36227934826482266,0.38068486550226466,0.27636438902758903,0.265578720703379,0.2840415241229874,0.46010762943343503,0.4531758518650664,0.46726029006939673,0.5351331938946463,0.527141013198027,0.5424632220894745,0.47288295950165227,0.4774106542263465,0.4683342907427625,0.5111754936564636,0.5118960098116576,0.5105595054462047,0.45252507886099075,0.46740106142426746,0.43888743849615114,0.4523082492688345,0.460473597927974,0.44437600599555954,0.4813257370166698,0.47924738291843927,0.48397239743363973,0.4590680697680467,0.4638326856525147,0.45371381646904574,0.4812362844628828,0.48382194772604276,0.47853664677807095,0.5030966554761053,0.5091883024474725,0.49726857845948585,0.4257692566653154,0.4246817257803461,0.4269116629619116,0.568126404392669,0.5964120364914518,0.5377626442213226,0.4428361660796902,0.41551604804263326,0.4710895800745348,0.5195846598855791,0.5337443270481903,0.5063738052473085,0.5017516332722263,0.4975068174432739,0.5065757416143063,0.47637973888412205,0.47729666509670177,0.4751962643539319,0.3950969332530881,0.40295180562966837,0.38545489725321236,0.40503915465184687,0.4118615130885153,0.39628318660478584,0.4918430557990746,0.4982284154914189,0.4854489129434672,0.44713755502345437,0.46348588472993746,0.4316373876882544,0.5480822732742447,0.5499324697770847,0.5461271275312496,0.40413599407769946,0.4065666854513475,0.40173021867485187,0.46242820788519023,0.4860032280044786,0.4444972993966707,0.4221331928982559,0.42718712413200893,0.41644414196400453,0.3448836077230799,0.3527462487177655,0.3377862237717703,0.4839023384778011,0.4891281353951794,0.47721011895605653,0.42573847158173533,0.42589532485633735,0.4255589448024984,0.41165548359617615,0.41194402052785345,0.41132658139426426,0.48866334093318864,0.494947553501161,0.48234248968257,0.2500660953687977,0.2573968564782425,0.24357795047882932,0.6440938941729268,0.6513462432763516,0.6359854221333429,0.5310563771812755,0.5449571443123661,0.5170799081189061,0.7168656911973149,0.7428986805105108,0.6888940750203704,0.36976772982807604,0.3399172815123554,0.4009838849294833,0.4637042712010941,0.43845684110882827,0.48788383415954806,0.5181853654760947,0.5372167091126147,0.5050220194608351,0.4919891532867978,0.49263676462161615,0.49134742607171594,0.9936027867676259,0.9933171253996185,0.9938754123210934,0.41191102652448797,0.4144516124131044,0.4093783785076059,0.9373794094262621,1.0,0.4247059382918402,0.45291809428045093,0.39311727336731805,0.5895695748455646,0.6190216912034459,0.5573895544608151,0.45326340119595265
Research,41,sub_0713,sub_0713,Male,19460815,72,F-18 flutemetamol,Pons,20181120," -"," -",20250710,0.4805236433835167,0.4832099999277041,0.47779535901087805,0.42903593068442375,0.4314510319111239,0.42662292790348494,0.4234568301371401,0.42699710897724313,0.41994195999684625,0.5097553312379535,0.5195304820768372,0.4998889136344806,0.49487286661478985,0.4900109723477337,0.50022881018381,0.49916393290371386,0.4906529315326949,0.5106157274313856,0.4204978061858286,0.45184418053532005,0.3920502344799422,0.4743768821666823,0.4845435237361119,0.4666714387425522,0.3971449780718128,0.396808663793567,0.39746742445319716,0.3630362418327128,0.3694373927259639,0.35656492145320046,0.2840348134466828,0.29077072613073746,0.2792402555099976,0.44629468063757144,0.43558197212534167,0.4573487526593878,0.5115110804562075,0.5258752579116345,0.49833697569799906,0.5072528597250656,0.506893928942394,0.5076134532140298,0.5593386462146734,0.5452942553707117,0.5713455653070285,0.5093072606982705,0.526694380582822,0.49336752112427923,0.4604900734135001,0.4697343771086852,0.4515096772463178,0.5406046632639036,0.542678952021126,0.5379631798170837,0.4562651976341396,0.4418014120964386,0.4725189258063794,0.5150760913565994,0.5202132553873754,0.5097124843439852,0.5296013754959807,0.5373459439675847,0.5221918946568668,0.4492489172727858,0.4487742925706793,0.4497474909277509,0.6571713332319171,0.6647186400903781,0.6490695303593651,0.4776548611660797,0.44630692806494654,0.5100736863917856,0.5533218038340841,0.577607814143902,0.5306631531566355,0.5454782931653954,0.5553317747974315,0.5342801010988697,0.5219752392262408,0.5253180137021984,0.5176607279840163,0.45619002750897014,0.43658075256140627,0.48026086226111736,0.31289654512758147,0.2859427460054585,0.34748965630035966,0.5365622845100267,0.5344843231542912,0.5386431041344774,0.5124746137146802,0.5298963008260996,0.49595677548063666,0.5569881842355898,0.5500242148212037,0.564347172934351,0.5026529666069866,0.5019078457840884,0.5033904495171214,0.5457219461712567,0.5416038378607111,0.5488541353650972,0.4728524723567691,0.489932042921068,0.45362653864668934,0.4097757457061093,0.4538022789020364,0.37003423768764837,0.5653430900789659,0.5836042594099622,0.5419576130275369,0.44767834178158944,0.47109419096737387,0.420877677287396,0.46389666096750287,0.43923683123581664,0.4920063114388551,0.612574839634385,0.6111412237688993,0.6140168138735194,0.3725627869164286,0.35905200421093475,0.3845206060925553,0.7394725174513319,0.7452341580653344,0.733030728569615,0.6657857849786256,0.6542361485462892,0.677398319362942,0.8035978123712851,0.8053063290205521,0.8017620657587751,0.5187664558574484,0.5103648773928547,0.5275524202648666,0.6168171929427875,0.6154197417848684,0.6181555374052053,0.5781901826743919,0.6038863439375605,0.560417004467367,0.48645672294149794,0.49348907544084475,0.4794882655624344,0.9443659098364451,0.9531878022312271,0.9359465939396782,0.4133556198886415,0.4217035257374056,0.4050337964510939,0.9271641658660419,1.0,0.5527161872233489,0.5762145968983268,0.5264054228215892,0.640700686528245,0.6492579366502083,0.6313508496602913,0.6344691233031721
Research,40,sub_0693,sub_0693,Male,19580618,60,F-18 flutemetamol,Pons,20181206," -"," -",20250710,0.6564539358860889,0.6553783753125648,0.6575462834789361,0.584308260863496,0.5787166124247997,0.5898950508015071,0.5748235174167622,0.5824268123912223,0.5672747915449897,0.5850162644899178,0.600645496984507,0.5692411079572957,0.6842648248575494,0.6485574400750254,0.7236006736826394,0.6950764840053835,0.7118542881395545,0.6725014711256655,0.48547189721468503,0.48747801902328863,0.48365129450750405,0.6828773210346428,0.6714632327866864,0.6915282221834663,0.5439054819142279,0.5234700107269183,0.5634982978083412,0.5527807553277643,0.55384975261359,0.5517000396819731,0.22036913865357452,0.20447698458075864,0.2316810212468889,0.5557609799202925,0.5401463822653506,0.5718731411792649,0.8049751533567557,0.8027827732678064,0.8069858946645162,0.6575784911185569,0.6614745818965441,0.6536643521402881,0.7062844770929826,0.714801044477257,0.6990034396550692,0.7639768622014887,0.7449708635524054,0.7814007179534233,0.5535494937950088,0.5746841891390836,0.5330181543539053,0.6982496346549366,0.7126315350851934,0.6799351392463006,0.5713421030738045,0.5616679663874915,0.5822134470653595,0.6997712546301333,0.7044032372193575,0.6949350971414819,0.6143341130420282,0.607747145345445,0.6206360795253314,0.6775582737296991,0.6566374167781975,0.6995347702521478,1.005868976748994,1.024153068824433,0.9862415636231142,0.5456515596679375,0.5634478627213803,0.5272473083735388,0.794755283979392,0.8252212651925087,0.7663307705641667,0.6991026886638934,0.7093194443505894,0.6874916463187777,0.7032253742755958,0.7287536115889426,0.670276137743253,0.5719372879070956,0.5872325617890021,0.5531619884080216,0.9179545311957681,0.9464519439721432,0.881380311589725,0.7302731847771047,0.7147432847874369,0.745824446389867,0.7161255219545305,0.7236126109820572,0.7090268681554097,0.7125089288414717,0.7041114948816078,0.7213826929165366,0.7449464116588933,0.7139731251507125,0.7756022043418193,0.8316033259724646,0.7967619989635921,0.8581032671412754,0.8775482397849304,0.876681614777332,0.8785237722132695,0.8133986326636283,0.8069705047568646,0.8192011221672528,0.9524976288067781,0.9577938948800776,0.9457151656210735,0.8208386409780035,0.8246734872119634,0.8164494588267289,0.9390403382916377,0.9177065109427407,0.9633586907100696,0.850713154976767,0.8521059509124628,0.8493122386588075,0.8362635454127975,0.8439678995774713,0.8294447491980861,1.0327870819835152,1.0329689352173288,1.0325837613986046,0.8587905544897294,0.8374547449684371,0.8802425563024923,1.1446551384980432,1.1395416242146688,1.150149446398265,0.589604958908569,0.6152571677432969,0.5627791196042785,0.659230373694592,0.6730331895275118,0.6460113627609497,0.9420469762293405,0.9518835906471131,0.9352433179237146,0.5637630761068892,0.5668247305146765,0.5607292395277264,0.9560450322369373,0.9694164424412869,0.9432838103292369,0.5011387730321016,0.5039568875939834,0.4983294634596615,0.9508687332041841,1.0,0.7615569480627397,0.7779857528168277,0.7431618984714645,0.9151863081823571,0.9215288695161116,0.9082562882635299,0.8480686415333061
Research,39,sub_0676,sub_0676,Female,19440131,74,F-18 flutemetamol,Pons,20190109," -"," -",20250710,0.47402554155756893,0.4752328763977268,0.47279936300577835,0.4184490750322569,0.41467965789585165,0.42221521697782344,0.38515263115110326,0.38177508646331515,0.3885059350875435,0.47717694725915666,0.4861001757304986,0.4681704060895565,0.462073812814294,0.4582891501389919,0.4662430601494421,0.48365860676879735,0.45789779983328216,0.5183205055316248,0.38962714906983026,0.40671133836345147,0.3741228456199765,0.48185527545409085,0.49043725163778557,0.47535087264819925,0.40482069557452266,0.4034679275357224,0.40611768231335127,0.34260186430004674,0.3256730075115055,0.35971629540227823,0.2241618451185591,0.24625758058027686,0.20843431289034958,0.45450155160194416,0.45524394150423886,0.453735505233851,0.5235600288269786,0.5267488834358738,0.5206353709545287,0.5041589686140349,0.5076078847542639,0.500694075759504,0.5586063550528199,0.5625155377250597,0.5552642919769407,0.5217793431760431,0.5203308475841913,0.5231072596257772,0.47265891889725714,0.4763917131480507,0.4690326889195287,0.5084173479313954,0.509283076030054,0.5073148946523661,0.44401806600715027,0.4639555791203839,0.4216132178622246,0.5077207920736517,0.5121948846470149,0.5030494842941433,0.48966271586639515,0.49087724879935574,0.4885007326612315,0.49515902239034654,0.5063451317497245,0.48340847632017414,0.6451006893438546,0.6303187898012719,0.6609686059956884,0.4646668330274876,0.435398151501208,0.4949353763450377,0.5264993403264456,0.54265170004974,0.5114293196883231,0.525398972402442,0.5344938420324985,0.5150629205640485,0.4671847715380637,0.42651821005419727,0.5196730078718914,0.42917299592489894,0.4216789220092577,0.43837214353877785,0.5130887457039628,0.5244000259023297,0.49857159464723527,0.5358805776809711,0.5403744380620709,0.5313805359238312,0.5243083548098302,0.5475526253234956,0.5022700127274833,0.5494545366782927,0.5510770209072252,0.547740019799461,0.5131953405696984,0.5113053388012622,0.5150659687436973,0.5355509836447494,0.5548934709566656,0.5208392944001428,0.471818315452828,0.4751623447779089,0.4680540471483919,0.42841289737870564,0.46677504089380384,0.3937844739385502,0.566791555852615,0.5627931752262022,0.5719119310425621,0.40598323388014285,0.4002235527096009,0.4125754903223704,0.5095876686491827,0.5016642202235024,0.5186195787717198,0.6426459816985762,0.6414596083574706,0.64383927192161,0.4078691399834247,0.36392146160105304,0.4467653610804662,0.7031745797273131,0.7261752888334196,0.6774586904316098,0.728746020544323,0.7200162699599124,0.7375233123163955,0.8675924432866536,0.9018276696701338,0.8308077851512119,0.5816397786529744,0.575022230287978,0.588560090668657,0.5752156054809158,0.5573023374009394,0.5923712126753342,0.581116186313135,0.5667251025461305,0.5910700192519798,0.5021309149089763,0.5058251966398908,0.49847019898347034,0.9651237641557712,0.9781109535434496,0.9527292296077559,0.42821825066428565,0.43207408379009105,0.4243744648024277,0.9401739037931169,1.0,0.5224037433319874,0.5531903553382738,0.4879325043660445,0.7696840000300029,0.7731183339438461,0.7659315723941554,0.6475032817271855
Research,38,sub_0639,sub_0639,Male,19500412,68,F-18 flutemetamol,Pons,20181227," -"," -",20250710,0.5441804497310025,0.547858796888915,0.5404446920595994,0.4863723754550532,0.4838489902706589,0.4888935681073556,0.4619086799228435,0.4762870432191202,0.4476335106215162,0.5380103819022053,0.5587143151294034,0.5171131441387337,0.5533246146336279,0.540327911886001,0.5676419984918681,0.5745685634827674,0.5656622511748317,0.5865522601247458,0.4431826199182695,0.4520423966419886,0.43514216423953384,0.5584237630436906,0.5731608511301656,0.5472543126690254,0.4733531507981797,0.4559969884118585,0.48999363298459975,0.43262768120763573,0.4311440478686612,0.4341275781515357,0.28495586993739475,0.24881146496035852,0.3106831101612241,0.4827479048877013,0.46930433544550226,0.4966198575012451,0.5729671639417283,0.5920655337924668,0.5554510948242738,0.5560959022180102,0.5599563880572443,0.5522175331143496,0.6228990245434469,0.635853801394454,0.6118236451099249,0.6623432709186848,0.6696777276976782,0.6556193665716674,0.5012210110479942,0.5111272387239445,0.4915975875879153,0.5254017964978426,0.5333871961097952,0.5152328647048264,0.454522915990169,0.4498480406926164,0.459776322999522,0.5847858518959183,0.599893710894402,0.5690120479090497,0.5723106071900849,0.5687391071751243,0.5757275775512836,0.5704890150488734,0.5958497422398081,0.5438486181372952,0.831587546722526,0.8907242534485592,0.7681061023594781,0.4983893511654429,0.499518022968455,0.4972221222511479,0.6136251058136479,0.6343124923675637,0.5943239419182745,0.5819048402350386,0.5984962748537461,0.5630491627742488,0.5451286718885049,0.5794102082714855,0.5008815726034951,0.49487013921487705,0.48717064285793216,0.50432144758698,0.5376044520254415,0.5403745981735244,0.5340491842418056,0.6039252319061877,0.6020422329811546,0.6058108209260286,0.6150566203005522,0.6221868291667322,0.6082963314793103,0.591149747311995,0.5925989142911642,0.5896183788082371,0.6187110019894574,0.607772126493698,0.6295377477819573,0.6278524917566478,0.6261892665303229,0.6291175230982173,0.6333483488412657,0.6379198426308393,0.6282023625166385,0.5970585011373858,0.6104131831908629,0.5850036068410218,0.7335684437498282,0.7538939488583797,0.7075393530240814,0.5897809608569731,0.5838299714011863,0.5965921796407807,0.6239841827405065,0.6122706021769496,0.6373364507404159,0.7279266021094696,0.7380457672300791,0.717748439481139,0.5492493515908532,0.5402933485253839,0.5571759290166134,0.7715213576541935,0.800379097621415,0.7392570286329525,0.8079718935760822,0.8159146811989308,0.7999858504726461,0.9817386231891294,0.9697133701249339,0.9946593738219353,0.6383121469829287,0.6391569409532136,0.6374287023081209,0.6412346571035286,0.6407858694651231,0.6416644627874394,0.7008790630142384,0.742610523022082,0.6720148031754799,0.5365436576854126,0.536076491027678,0.5370065797223336,0.9527920270540772,0.951491218350094,0.9540334749101603,0.4700933312546764,0.47120623401401895,0.468983905677269,0.9441726144281498,1.0,0.5875174174247074,0.607270202558675,0.5654005642790323,0.8779012233882346,0.8700728077988515,0.8864547198563831,0.7220046778705568
Research,37,sub_0498,sub_0498,Female,19630719,55,F-18 flutemetamol,Pons,20181105," -"," -",20250710,0.6083704841845831,0.6050337594774152,0.6117592874668804,0.5602880770387133,0.5530419657852416,0.5675278922532125,0.539963152642439,0.543567002693545,0.5363851675438529,0.613509200117453,0.620848285406598,0.6061015926560752,0.6972502229942035,0.6704206105876048,0.7268061701488168,0.6494945319251078,0.6317514558457616,0.6733683456741467,0.5083988999058919,0.5048463033174416,0.5116229648349087,0.6365603570284717,0.6179235020482715,0.6506854966503368,0.5258817250160114,0.5168832254335052,0.5345091720676255,0.5292054169251991,0.5214125372830891,0.5370837221993716,0.31118706018765435,0.3040094785193691,0.31629599386420676,0.5260095516422512,0.5151197710577156,0.5372463381884185,0.6490404534938814,0.6471085507583664,0.6508122980077299,0.6195426968066808,0.6165322598966156,0.6225670792255613,0.6780850256963119,0.6676399107966422,0.6870148291248891,0.7395753699257939,0.7422286739507553,0.7371429385944791,0.532622868034041,0.5449917953932817,0.5206070503465567,0.6291610098683128,0.6260304537795566,0.6331475869825156,0.5144962477879299,0.5083843734235943,0.5213644873841166,0.6343920049941107,0.6276106230628484,0.6414723060052969,0.5914938644975425,0.5736595885842714,0.6085564969919627,0.6536309071777797,0.6408743710078001,0.6670311217783546,0.8682560533162613,0.8390728047389707,0.8995833772992303,0.5400166550049375,0.5391563160707578,0.5409063843996014,0.6610309163835703,0.677711237156265,0.6454683123677312,0.6316385315841277,0.6267738281555152,0.6371671239512333,0.6295543456965003,0.6188384384940321,0.6433853422020114,0.4863259361358631,0.4850070689562085,0.4879448758481364,0.6703965534214043,0.6664694536932454,0.6754366814147631,0.6223882570583928,0.6296526907111221,0.6151138310622624,0.6274718863523001,0.6187932470245892,0.635700272018392,0.6081402955148345,0.614849810088582,0.6010501951734428,0.6288060924854072,0.644378317476265,0.6133934916687153,0.6974025469372636,0.718446119044679,0.6813970307671668,0.7946317137742582,0.7984519896490084,0.7903313497548202,0.7386030634038767,0.7430937068929464,0.7345494863612624,0.87167606369611,0.8766758979285021,0.8652732147556487,0.7328812542373295,0.7340428667735266,0.7315517279148862,0.8554097644066079,0.8524216020430154,0.8588159598469723,0.7628042227274011,0.7644835212967143,0.7611151333869,0.5691260346120315,0.5491049057133155,0.586845884326987,0.8752727657955441,0.859979451936119,0.8923714197700434,0.8337811444294578,0.8413065091889916,0.8262147974248073,0.9900458520735472,0.9824492444531113,0.9982081645167812,0.6366837965380409,0.6529999287201766,0.6196211746482255,0.6330555697213871,0.6301574170610743,0.6358311419066414,0.8387841928043563,0.8542542537078891,0.8280840673460795,0.570398258888887,0.5728344122387575,0.5679842401392562,1.0120322991266206,1.0120640508732555,1.0120019963329308,0.49989533732493396,0.5042452706599561,0.4955589950332303,0.9535172910885886,1.0,0.6868208307899194,0.6947511513092708,0.6779413875552023,0.881743258004416,0.8927579755283347,0.8697083390143887,0.7842201124320195
Research,36,sub_0457,sub_0457,Male,19610203,57,F-18 flutemetamol,Pons,20181016," -"," -",20250710,0.5390606322135238,0.5371597877457175,0.5409911444783808,0.5058540249310559,0.4992247094422037,0.5124775803056593,0.5108204857121259,0.5184679696905339,0.5032278879823668,0.5284418718317994,0.5281205068048721,0.5287662373184374,0.5471812601046232,0.535963885822965,0.5595385061377666,0.5394595571171632,0.5406918969439051,0.5378014088137016,0.45697562150474375,0.4595005741988595,0.45468416757074215,0.5453678635691053,0.5434722457810242,0.5468045794718035,0.5026260336689811,0.49061577323881256,0.5141410518103184,0.4423101462045152,0.4329340390954203,0.4517890343025211,0.3842714994820051,0.36003569870994684,0.4015223096385357,0.5261279071747312,0.5147455019623782,0.5378730159728665,0.6269638176112706,0.6281324663080099,0.6258919915074674,0.5361851478626376,0.5384438705072983,0.5339159619405547,0.5873707002422305,0.585930682802072,0.5886018090234986,0.5833757020035155,0.5912732080527933,0.5761356190832065,0.48324473290786324,0.4900111866050594,0.47667144876972234,0.5424778736101282,0.5372566841047922,0.5491267481233963,0.4776980465180254,0.49155842570857794,0.46212239827986573,0.5643007458126781,0.5643117013924067,0.5642893073178379,0.5233351863628269,0.515594341345664,0.5307411048518322,0.5634891875448135,0.5606140490610272,0.5665094018236532,0.7074057564342949,0.7384198932705317,0.6741130299529466,0.5220884862529052,0.49410717462621306,0.5510256811960369,0.6043096195106593,0.6083521624349993,0.6005379597442881,0.5640377800619107,0.5642061642962635,0.5638464163320462,0.5730577639651234,0.5874465440518347,0.5544861989694844,0.4764993602299864,0.4828961507913683,0.46864715310051036,0.6153509317936012,0.6309519925277572,0.5953281800492298,0.5996003431650906,0.5959502698824598,0.6032554371812603,0.5911068599465533,0.5928648201659674,0.5894401038889766,0.6069405414941911,0.5969972852193669,0.617447812017832,0.5875223929437176,0.5882867134578597,0.5867659071501076,0.602243160322995,0.6243574818007698,0.5854232436189046,0.5728408447122081,0.5775960836617401,0.5674880222583231,0.5441845409609176,0.5392440688489397,0.548644165596348,0.653630180800124,0.6678020740344668,0.6354814807908381,0.5528198930141752,0.5536941324393337,0.5518192802524784,0.5405837721713125,0.540589057150777,0.5405777478423894,0.7507223469150136,0.7535159121339668,0.7479124944447297,0.5790278728040649,0.5666112318068128,0.5900173136866902,0.7809968620181008,0.7947169548305663,0.7656571441744251,0.8472153873539903,0.8400714774194903,0.854398202175812,1.0468359072749027,1.0475880079833404,1.0460277990669002,0.6410755022601515,0.6457219464398499,0.6362164756670031,0.6565507484145874,0.6538318124498187,0.6591546840666467,0.6130591763474013,0.630992220527431,0.6006554874562139,0.5558155723619692,0.5568793332503913,0.5547614766787433,0.9750519276829389,0.9800372428558939,0.970294111399567,0.4888882407186906,0.4907999177939273,0.48698253653635565,0.9567183094402155,1.0,0.6476041831831526,0.6485495753939045,0.646545643815238,0.983290820993952,0.9978808649050546,0.9673494229372372,0.7000445031873097
Research,35,sub_0291,sub_0291,Female,19371118,80,F-18 flutemetamol,Pons,20180529," -"," -",20250710,0.6025212362282996,0.5966914085023014,0.6084420541161677,0.545742869599612,0.5433693329772437,0.5481143438910895,0.5856316784228472,0.6035991039282785,0.5677932057320484,0.5793010083292015,0.5785337675736465,0.5800754125119583,0.6373733833994764,0.6136416511876908,0.663516654219388,0.5742694247721767,0.5830616499399927,0.5624392356236113,0.47363961120567033,0.47608249243100925,0.47142263905916365,0.6576768061964621,0.688410718285865,0.6343831335327991,0.4963162616572286,0.4926610125542768,0.4998207868068974,0.5050784730093651,0.49301319039510993,0.5172760153838977,0.23321639355034884,0.2229457290366176,0.24052695388108333,0.5431942436917625,0.5435127659175547,0.5428655716644749,0.6854603119468257,0.6757073592537751,0.6944052321052407,0.6356890507264065,0.6346851204008721,0.6366976316457327,0.654242552740643,0.6581250764123667,0.6509232811454223,0.7564677780996083,0.7318784499349548,0.7790101824682716,0.5742744546043058,0.5857943519260903,0.5630834287395053,0.6430280147389772,0.6563395298393694,0.626076591429494,0.5543545548872547,0.5445023039182987,0.5654260554094858,0.6208009033312617,0.6161155550422909,0.6256927788463729,0.6171902723146921,0.6192548869841938,0.615214988231413,0.575550669444339,0.5872004283378021,0.5633130786801049,0.8433277872007097,0.8449281536057646,0.8416098428556913,0.48103520978420833,0.4342568884330909,0.5294115483243391,0.6891883953048459,0.6647597868748324,0.7119800888720715,0.6312760088049882,0.6251721785933289,0.6382128323161212,0.5513864866857703,0.5494705800402018,0.5538593429376085,0.5088780083009605,0.5158368407239645,0.5003358818954748,0.5531833946802102,0.5424734627414736,0.5669287618743105,0.6528187756235218,0.6167003861732769,0.6889868464897917,0.6953327872678899,0.6829301743373419,0.7070919442746741,0.6439529109875802,0.617901656475596,0.6714818784678513,0.640123700222969,0.5833607512951832,0.6963047965991035,0.6986654482743802,0.6291014715502378,0.7515750659301276,0.6905547403905199,0.6879885030433474,0.6934434728053852,0.6324096853378198,0.6372090119955378,0.6280774687173987,0.7949687353541248,0.7827874796592919,0.8105682005551609,0.6405759016667257,0.6453676486019023,0.6350914965985247,0.7045251875448787,0.6847397097648334,0.7270785819055519,0.6383613148627963,0.6161307049893456,0.6607215352883056,0.43238502859587874,0.39957200183687963,0.46142644308372854,0.8005305243748758,0.7860964070294071,0.8166685556862117,0.6970161540310341,0.6671211857872411,0.7270739267308861,0.8171902193096096,0.8245489740481672,0.8092834721969041,0.5126829898677193,0.48220992797412204,0.5445502441355334,0.5126572063596543,0.44471635260022835,0.5777244288422465,0.6489230351423385,0.6844470957292581,0.6243522265697191,0.501055392779296,0.4985137271570273,0.503573965129339,0.9513007416881082,0.953299194557187,0.9493934858231959,0.42917775286375676,0.42749542131485635,0.43085482809280207,0.9425955934122776,1.0,0.5857144909929679,0.5966006082785196,0.5735254930517553,0.711402213116495,0.7054613401832462,0.717893339586732,0.6859938302345449
Research,34,sub_0235,sub_0235,Male,19390105,79,F-18 flutemetamol,Pons,20180425," -"," -",20250710,0.5721661896982667,0.5568561536450571,0.5877151800952733,0.5297421673128578,0.5184136091006549,0.5410608823082632,0.5535394325054188,0.5273412954291797,0.5795495446744122,0.5243182641010276,0.5179876779962301,0.5307079564151571,0.5664405314802442,0.5293121651742166,0.6073417571799559,0.564784623799139,0.5402816189124954,0.5977541141140942,0.46132524278490616,0.4753985150051314,0.44855341736874565,0.5923342639144769,0.596727684819422,0.5890044272137084,0.4902109188610039,0.47832463355283705,0.5016070739862372,0.4957768982375671,0.49309451834587337,0.49848868240703775,0.3038865867472058,0.2972285548040257,0.30862570992073585,0.5548786645416172,0.5415923348083176,0.568588366958128,0.6792102333535289,0.6661926851937804,0.69114927710899,0.6093663902976516,0.5983910364495747,0.6203925862322461,0.6651568528431676,0.6533150137689095,0.6752807525016876,0.6828341331184714,0.6698051199081182,0.6947785539804707,0.5623564015402154,0.5732443874435104,0.5517792472083847,0.5954924071938974,0.5831272065695325,0.6112387552624295,0.5293749227221688,0.5071375498012874,0.554364246145045,0.5645993600696108,0.5320606135777476,0.5985723941833503,0.5632206177260933,0.531670717997339,0.5934054341394671,0.5220135297255293,0.4711235718672229,0.5754713294941172,0.7029867445278261,0.6364345402742764,0.7744284984816363,0.4876893282547701,0.44341655794312146,0.5334745223969409,0.6251812372082911,0.6130408813297762,0.6365080907936235,0.5792576402834637,0.5601330542198525,0.6009921698569325,0.5664940440301565,0.569285130336168,0.5628915954258856,0.453862588612384,0.407724215529039,0.5104984997917561,0.43153478890973773,0.38749397602370395,0.48805775731962076,0.587989226807349,0.5685774411250558,0.6074277137079123,0.5967922876895317,0.5973922990236752,0.5962234053480806,0.6083351598209688,0.600695028963103,0.6164086640675472,0.5401945682665114,0.501460669051657,0.5785314229563845,0.5968190803432927,0.5146155558321823,0.6593422030377468,0.7174127957132919,0.7248533885931226,0.7090371550651403,0.645462413347463,0.664696768509423,0.6281001042031749,0.8608760147879118,0.8356249298020809,0.8932128634177257,0.7273541946266565,0.7308503134693363,0.7233527036966854,0.6040849937761631,0.6319448635561248,0.5723276292601446,0.5867245223380665,0.5616079693134824,0.6119875117547179,0.34230833625153995,0.32603288254845253,0.3567130481496748,0.7662729623024619,0.7388164226277548,0.7969706825971119,0.6193975115457558,0.5978575363237917,0.6410547909214136,0.84014953352949,0.8309404494034263,0.8500444005160055,0.4511553699370705,0.38989219837120265,0.5152214317052983,0.5561910220019504,0.5175833443045863,0.5931657465640787,0.6515721857010072,0.6204426627324137,0.6731034390876176,0.5090812553037732,0.5041730993879001,0.5139448162974433,0.908099059582778,0.9026262392684522,0.9133221342940275,0.4453816343629602,0.44195152684386846,0.44880102476611283,0.9363130303308572,1.0,0.5042104684967413,0.5174966054491357,0.48933420989034754,0.7916245905330416,0.8254255272954911,0.7546929547611969,0.7120214665689253
Research,33,sub_0165,sub_0165,Female,19300503,87,F-18 flutemetamol,Pons,20180124," -"," -",20250710,0.47718289558245264,0.4714022505012314,0.4830537631979192,0.4155208937018617,0.40862106920254876,0.42241472304564476,0.4185081384781582,0.38220184106154026,0.45455386438221657,0.47720440906043776,0.47823765930672774,0.4761615117602513,0.4607639017238618,0.450573009779995,0.4719903577451653,0.4758172871653602,0.4571807400168214,0.5008932916619712,0.3731216387431753,0.343025370778175,0.40043470951391996,0.47981369733178514,0.49800791594177063,0.4660240381618333,0.4211518056073662,0.417240370975222,0.4249019524929958,0.3151685414531478,0.3220190072415378,0.30824298078369056,0.25519334656602827,0.26692113680878776,0.24684561813995928,0.46152768386086485,0.4437811288629218,0.47983973789112583,0.4686614435409225,0.4528535120234331,0.483159687277344,0.5006646190405942,0.5003330175205271,0.5009977566672331,0.5550523220330011,0.5570078695680971,0.5533804730154094,0.5160032029512674,0.5217055193385772,0.5107755724531894,0.4704396714563312,0.4742098182727509,0.4667771552586511,0.5140164241842633,0.5030520400661277,0.5279789156897432,0.4300178955508798,0.43662516987022587,0.42259294857098006,0.5153945987385034,0.5033967167382588,0.5279213398835214,0.5165423525960938,0.5103995140059003,0.5224194063013703,0.48183262271132654,0.47713296698484275,0.48676941702951365,0.7141754913586325,0.6913005480810305,0.7387310427137728,0.4396338140598626,0.3798747532750012,0.5014343334429646,0.5450552224996036,0.5332936410299609,0.5560286826330387,0.5389087938806945,0.5261028267709631,0.5534623988548127,0.4507535122061156,0.4252520249781658,0.4836682224654462,0.3610633748968424,0.3523824350242552,0.3717194276945689,0.5447305116239425,0.5329309700844972,0.5598743082521075,0.5704857333345716,0.5600713483466501,0.5809144434737833,0.552110910502218,0.5771313921468756,0.5283885083203183,0.5754386663491102,0.5535357045586716,0.5985840362802676,0.5578483202280701,0.5513754591579476,0.5642548307860842,0.6085352153068125,0.6245468352567737,0.5963569481993837,0.46710503467590714,0.47579273124538946,0.4573255687514364,0.35952005686612637,0.3882462866975502,0.3335897005488297,0.6013319385173528,0.5980238506670997,0.6055683163255849,0.4176311526416391,0.4284469572485889,0.40525189839355524,0.4877814045783266,0.4751916729987011,0.5021323939437028,0.6522868536984324,0.6447317355449238,0.6598860202626828,0.41867277140245357,0.4047747700325076,0.43097330135056666,0.7133581575865048,0.7219610916039408,0.7037396672264884,0.7507290637154307,0.7417164136279665,0.7597907956277415,0.9182608258454742,0.9003390592188424,0.9375171921145149,0.5567108878120262,0.5292500201116414,0.5854281350804023,0.5904220131111194,0.5477585187722239,0.6312810092000314,0.5287135104000611,0.5561745649870083,0.509719614310756,0.48405820445558273,0.48469676053688,0.48342545021906314,0.952976547447339,0.9516113885664058,0.9542794089370858,0.4091995881721773,0.41178439144746104,0.40662286092256517,0.9457639406923867,1.0,0.538829000948242,0.5308942732025974,0.5477133788782969,0.8833172053688604,0.9006449262110899,0.8643845621880256,0.660477616746987
Research,32,sub_0109,sub_0109,Female,19320116,85,F-18 flutemetamol,Pons,20171110," -"," -",20250710,0.621168810220114,0.6210045128647623,0.6213356718781623,0.5963925824943916,0.5908936093598741,0.6018867776524259,0.5763126586701869,0.5362098696237789,0.6161276286564533,0.6380921047232795,0.6550094499474345,0.6210168088557538,0.7238360019848596,0.6987394343150288,0.7514827982400775,0.7030938771461758,0.7019712362584696,0.7046044224056504,0.5335625445332044,0.5179106233639823,0.5477670309861504,0.7171627419421526,0.7406982829912595,0.6993248179067961,0.5458811407294539,0.5372023585402883,0.5542020539131455,0.5678269977104224,0.5619095093192261,0.5738093536742307,0.28355137300561783,0.2611156500273524,0.2995209050818504,0.5744762118621906,0.5725814506979675,0.5764313501308693,0.6901735193320873,0.6840880809779224,0.6957547788665203,0.6433240630720967,0.6511556567102301,0.6354561904613824,0.718321714058745,0.7161779815119557,0.7201544473919971,0.7555539278425547,0.7629403444411563,0.7487823890397812,0.5591771273289957,0.5822428461481378,0.5367698915104002,0.6339626984028491,0.6519084073914675,0.6111099046103599,0.5412420731939871,0.5465768335355461,0.5352471181229425,0.6220798183132348,0.6308544397502005,0.6129184170438979,0.6290175944157756,0.6146560144730127,0.6427577855956292,0.6414273473287242,0.6782252411463809,0.6027726790523785,0.8438779688896864,0.8711600533297098,0.8145914864091713,0.5235904218253217,0.5150524030081431,0.5324201120927766,0.58566652045706,0.5928857072682704,0.5789310777044754,0.624913569391499,0.6221279287295642,0.6280793680731802,0.6098827832939598,0.6275878333144467,0.5870309164070526,0.5194292097472546,0.5262551180878973,0.511050250701585,0.5612981360684797,0.5992036404364478,0.5126493604090553,0.5987627706016462,0.5811984460792429,0.6163512551302701,0.5930287466654675,0.5871389697691467,0.5986129579640543,0.6008163680902127,0.5724085208218047,0.6308356020306265,0.5815304218255647,0.5877944115963322,0.57533064151714,0.6554086740691559,0.6210355279406902,0.6815525218611567,0.7540503532616086,0.746258001942074,0.7628219572870741,0.7294729642916814,0.7328816172827562,0.7263960695115699,0.808476750753647,0.7918037120385081,0.8298284482919118,0.6611785902546811,0.6557190237181509,0.6674273497964919,0.8639348751534294,0.8494291627554448,0.8804698841044997,0.7191211296081031,0.7267940319849968,0.7114034921061444,0.6381483766473275,0.6096547789873207,0.6633668481395173,0.8598803363107641,0.8928392949949886,0.8230306492461089,0.7407549569536463,0.7411717832404371,0.74033586068027,0.9192192126905668,0.9461506398903969,0.8902822536779834,0.5447070577989834,0.551681161510363,0.5374138774472139,0.5956243275806822,0.5931743113759408,0.5979707177223831,0.8622364980552434,0.8758262642223975,0.8528369097896287,0.46381745018473197,0.46135577320832494,0.4662567606562574,0.9915961963800379,1.0023790203624325,0.9813054336610655,0.3795622973751822,0.3768707639274383,0.3822454213267652,0.9472486145501321,1.0,0.6443904872220424,0.6540365227112104,0.6335899874998521,0.8754838884145953,0.8785580032259017,0.8721250439739843,0.8493482982344333
Research,31,sub_0029,sub_0029,Female,19471005,70,F-18 flutemetamol,Pons,20180509," -"," -",20250710,0.5404404578674699,0.5355247264391345,0.5454329125232135,0.4921036834543407,0.4851345920679861,0.49906671950019105,0.49734066886099376,0.4975408751728626,0.49714189943653064,0.5221770795110255,0.5227911442827217,0.5215572814564488,0.4288709836457636,0.4074654908766395,0.45245163041452147,0.5290509589586903,0.5242855752383038,0.5354629183548201,0.4168185525140232,0.41961830351486723,0.4142777126558907,0.5078076198378928,0.5054199504280136,0.5096172687202408,0.448715718521802,0.45014148262008774,0.4473487457111384,0.4467774605007418,0.43461224774686674,0.4590760284501799,0.29394003487981696,0.2732777011755604,0.30864728550773757,0.554671139766209,0.5440414122539114,0.565639586574883,0.6995546346248132,0.6762807796711584,0.7209002497314377,0.579835945913515,0.5807405301498685,0.5789271712929019,0.6349867724256999,0.6248356103277054,0.6436652678733259,0.5832579241490513,0.5905348155861092,0.5765867931517912,0.5648562708688583,0.5805956714981858,0.5495662006000743,0.5771082009572719,0.5829087258312101,0.5697215772849283,0.5180195976670391,0.5091235104418027,0.5280166059314821,0.5505054222915712,0.5375271355646186,0.564055783791296,0.5957774438243422,0.591519255898,0.5998513908706189,0.5151110463621082,0.5038230490326855,0.5269686215384286,0.7175102732112001,0.6642468075623608,0.7746869730709747,0.5355174215183933,0.49290628294077055,0.5795842201095374,0.5415254620815485,0.5371371702996921,0.5456197027282143,0.5634854367071178,0.5493195284814582,0.5795845747612205,0.52251628410005,0.5010611532803638,0.550208371553366,0.4225752380521678,0.4002645054438824,0.4499621740428888,0.4466124746431618,0.4739820459166253,0.41148575215315514,0.5962642510448891,0.5974702406552148,0.5950566025767774,0.5793095862695944,0.582464553626778,0.5763183007467654,0.6275027497390171,0.6219461912502415,0.6333744945284806,0.5493530238305245,0.5495040610586526,0.5492035348199967,0.5609474500065267,0.6083846200083978,0.5248672451984737,0.5488701973122293,0.5493955295060843,0.5482788474362589,0.4977855640212239,0.4924573071233841,0.5025952310301518,0.6612641239099264,0.66324627020207,0.658725763097028,0.5374174773133381,0.536719581837626,0.5382162551987,0.4867064613811692,0.480685456656348,0.4935697828291519,0.6303324146903194,0.6386165979247796,0.6219999323957576,0.3754012137296914,0.3653201724102637,0.38432351466757564,0.7034058002037866,0.7213428796265822,0.6833512902929426,0.7121861952033186,0.7218401823905669,0.7024796335453434,0.929832125385561,0.9730997533940735,0.8833424399721593,0.5762230643129381,0.5690402940707431,0.5837344580302661,0.5420639036967101,0.48222194470437507,0.5993747828525111,0.4601554470361609,0.5046112147466805,0.4294068743697182,0.5382336368527334,0.5370100385194373,0.5394461177167768,1.0533701908980633,1.0514831706247876,1.0551710992602767,0.45599669686270805,0.4566710372485614,0.4553244634032579,0.9584857159830936,1.0,0.5820369620280885,0.6064420849563056,0.5547109664206471,0.7386456529942321,0.7264340890246898,0.7519882723392894,0.735105167051274
